dataset,model,attack_score,metric,value,threshold,empirical_fpr,tie_fraction,n_members,n_nonmembers
credit_default,logistic_regression,neg_loss,AUC,0.4966907555555555,,,,15000,15000
credit_default,logistic_regression,neg_loss,TPR@1%FPR,0.0088,-0.0253388881683349,0.01,0.999999999999994,15000,15000
credit_default,logistic_regression,neg_loss,membership_advantage@1%FPR,-0.0011999999999999,-0.0253388881683349,0.01,0.999999999999994,15000,15000
credit_default,logistic_regression,neg_loss,TPR@0.1%FPR,0.0005333333333333,-0.0028104416560381,0.001,1.0,15000,15000
credit_default,logistic_regression,neg_loss,membership_advantage@0.1%FPR,-0.0004666666666666,-0.0028104416560381,0.001,1.0,15000,15000
credit_default,logistic_regression,confidence,AUC,0.4949632444444444,,,,15000,15000
credit_default,logistic_regression,confidence,TPR@1%FPR,0.0095333333333333,0.9757964611053468,0.01,0.999999999999994,15000,15000
credit_default,logistic_regression,confidence,membership_advantage@1%FPR,-0.0004666666666666,0.9757964611053468,0.01,0.999999999999994,15000,15000
credit_default,logistic_regression,confidence,TPR@0.1%FPR,0.0006,0.9971935153007508,0.001,1.0,15000,15000
credit_default,logistic_regression,confidence,membership_advantage@0.1%FPR,-0.0004,0.9971935153007508,0.001,1.0,15000,15000
credit_default,logistic_regression,neg_entropy,AUC,0.4949632533333333,,,,15000,15000
credit_default,logistic_regression,neg_entropy,TPR@1%FPR,0.0095333333333333,-0.1139757856726646,0.01,0.999999999999994,15000,15000
credit_default,logistic_regression,neg_entropy,membership_advantage@1%FPR,-0.0004666666666666,-0.1139757856726646,0.01,0.999999999999994,15000,15000
credit_default,logistic_regression,neg_entropy,TPR@0.1%FPR,0.0006,-0.0192930158227682,0.001,1.0,15000,15000
credit_default,logistic_regression,neg_entropy,membership_advantage@0.1%FPR,-0.0004,-0.0192930158227682,0.001,1.0,15000,15000
credit_default,logistic_regression,modified_entropy,AUC,0.4966907511111111,,,,15000,15000
credit_default,logistic_regression,modified_entropy,TPR@1%FPR,0.0088,-0.0012679860228672,0.01,0.999999999999994,15000,15000
credit_default,logistic_regression,modified_entropy,membership_advantage@1%FPR,-0.0011999999999999,-0.0012679860228672,0.01,0.999999999999994,15000,15000
credit_default,logistic_regression,modified_entropy,TPR@0.1%FPR,0.0005333333333333,-1.5774987332406454e-05,0.001,1.0,15000,15000
credit_default,logistic_regression,modified_entropy,membership_advantage@0.1%FPR,-0.0004666666666666,-1.5774987332406454e-05,0.001,1.0,15000,15000
credit_default,random_forest,neg_loss,AUC,0.7584220711111112,,,,15000,15000
credit_default,random_forest,neg_loss,TPR@1%FPR,0.0487317829457364,-0.0100503358989954,0.01,0.1627906976744186,15000,15000
credit_default,random_forest,neg_loss,membership_advantage@1%FPR,0.0387317829457364,-0.0100503358989954,0.01,0.1627906976744186,15000,15000
credit_default,random_forest,neg_loss,TPR@0.1%FPR,0.0050697674418604,0.0,0.001,0.3488372093023256,15000,15000
credit_default,random_forest,neg_loss,membership_advantage@0.1%FPR,0.0040697674418604,0.0,0.001,0.3488372093023256,15000,15000
credit_default,random_forest,confidence,AUC,0.729629308888889,,,,15000,15000
credit_default,random_forest,confidence,TPR@1%FPR,0.0474488888888888,0.9900000095367432,0.01,0.1259259259259259,15000,15000
credit_default,random_forest,confidence,membership_advantage@1%FPR,0.0374488888888888,0.9900000095367432,0.01,0.1259259259259259,15000,15000
credit_default,random_forest,confidence,TPR@0.1%FPR,0.0049545454545454,1.0,0.001,0.3409090909090909,15000,15000
credit_default,random_forest,confidence,membership_advantage@0.1%FPR,0.0039545454545454,1.0,0.001,0.3409090909090909,15000,15000
credit_default,random_forest,neg_entropy,AUC,0.729629308888889,,,,15000,15000
credit_default,random_forest,neg_entropy,TPR@1%FPR,0.0474488888888888,-0.0560015328228473,0.01,0.1259259259259259,15000,15000
credit_default,random_forest,neg_entropy,membership_advantage@1%FPR,0.0374488888888888,-0.0560015328228473,0.01,0.1259259259259259,15000,15000
credit_default,random_forest,neg_entropy,TPR@0.1%FPR,0.0049545454545454,-2.7631020735330303e-11,0.001,0.3409090909090909,15000,15000
credit_default,random_forest,neg_entropy,membership_advantage@0.1%FPR,0.0039545454545454,-2.7631020735330303e-11,0.001,0.3409090909090909,15000,15000
credit_default,random_forest,modified_entropy,AUC,0.7584220711111112,,,,15000,15000
credit_default,random_forest,modified_entropy,TPR@1%FPR,0.0487317829457364,-0.0002010067109949,0.01,0.1627906976744186,15000,15000
credit_default,random_forest,modified_entropy,membership_advantage@1%FPR,0.0387317829457364,-0.0002010067109949,0.01,0.1627906976744186,15000,15000
credit_default,random_forest,modified_entropy,TPR@0.1%FPR,0.0050697674418604,-1.9999335775516983e-24,0.001,0.3488372093023256,15000,15000
credit_default,random_forest,modified_entropy,membership_advantage@0.1%FPR,0.0040697674418604,-1.9999335775516983e-24,0.001,0.3488372093023256,15000,15000
credit_default,hist_gradient_boosting,neg_loss,AUC,0.5165283933333333,,,,15000,15000
credit_default,hist_gradient_boosting,neg_loss,TPR@1%FPR,0.0096,-0.0394850112497806,0.01,0.999999999999994,15000,15000
credit_default,hist_gradient_boosting,neg_loss,membership_advantage@1%FPR,-0.0004,-0.0394850112497806,0.01,0.999999999999994,15000,15000
credit_default,hist_gradient_boosting,neg_loss,TPR@0.1%FPR,0.0011333333333333,-0.0318088084459304,0.001,1.0,15000,15000
credit_default,hist_gradient_boosting,neg_loss,membership_advantage@0.1%FPR,0.0001333333333333,-0.0318088084459304,0.001,1.0,15000,15000
credit_default,hist_gradient_boosting,confidence,AUC,0.5023527844444444,,,,15000,15000
credit_default,hist_gradient_boosting,confidence,TPR@1%FPR,0.0093333333333333,0.9613551497459412,0.01,0.999999999999994,15000,15000
credit_default,hist_gradient_boosting,confidence,membership_advantage@1%FPR,-0.0006666666666666,0.9613551497459412,0.01,0.999999999999994,15000,15000
credit_default,hist_gradient_boosting,confidence,TPR@0.1%FPR,0.0011333333333333,0.9686917662620544,0.001,1.0,15000,15000
credit_default,hist_gradient_boosting,confidence,membership_advantage@0.1%FPR,0.0001333333333333,0.9686917662620544,0.001,1.0,15000,15000
credit_default,hist_gradient_boosting,neg_entropy,AUC,0.5023527688888889,,,,15000,15000
credit_default,hist_gradient_boosting,neg_entropy,TPR@1%FPR,0.0093333333333333,-0.1636132448911667,0.01,0.999999999999994,15000,15000
credit_default,hist_gradient_boosting,neg_entropy,membership_advantage@1%FPR,-0.0006666666666666,-0.1636132448911667,0.01,0.999999999999994,15000,15000
credit_default,hist_gradient_boosting,neg_entropy,TPR@0.1%FPR,0.0011333333333333,-0.139260709285736,0.001,1.0,15000,15000
credit_default,hist_gradient_boosting,neg_entropy,membership_advantage@0.1%FPR,0.0001333333333333,-0.139260709285736,0.001,1.0,15000,15000
credit_default,hist_gradient_boosting,modified_entropy,AUC,0.5165283911111112,,,,15000,15000
credit_default,hist_gradient_boosting,modified_entropy,TPR@1%FPR,0.0096,-0.0030573748517781,0.01,0.999999999999994,15000,15000
credit_default,hist_gradient_boosting,modified_entropy,membership_advantage@1%FPR,-0.0004,-0.0030573748517781,0.01,0.999999999999994,15000,15000
credit_default,hist_gradient_boosting,modified_entropy,TPR@0.1%FPR,0.0011333333333333,-0.0019917550962418,0.001,1.0,15000,15000
credit_default,hist_gradient_boosting,modified_entropy,membership_advantage@0.1%FPR,0.0001333333333333,-0.0019917550962418,0.001,1.0,15000,15000
credit_default,extra_trees,neg_loss,AUC,0.9976632533333334,,,,15000,15000
credit_default,extra_trees,neg_loss,TPR@1%FPR,0.9988,-0.0100503358989954,0.01,0.7444444444444444,15000,15000
credit_default,extra_trees,neg_loss,membership_advantage@1%FPR,0.9888,-0.0100503358989954,0.01,0.7444444444444444,15000,15000
credit_default,extra_trees,neg_loss,TPR@0.1%FPR,0.3654146341463414,0.0,0.001,0.3658536585365853,15000,15000
credit_default,extra_trees,neg_loss,membership_advantage@0.1%FPR,0.3644146341463414,0.0,0.001,0.3658536585365853,15000,15000
credit_default,extra_trees,confidence,AUC,0.9970697466666668,,,,15000,15000
credit_default,extra_trees,confidence,TPR@1%FPR,0.9988,0.9900000095367432,0.01,0.53,15000,15000
credit_default,extra_trees,confidence,membership_advantage@1%FPR,0.9888,0.9900000095367432,0.01,0.53,15000,15000
credit_default,extra_trees,confidence,TPR@0.1%FPR,0.2881153846153846,1.0,0.001,0.2884615384615385,15000,15000
credit_default,extra_trees,confidence,membership_advantage@0.1%FPR,0.2871153846153846,1.0,0.001,0.2884615384615385,15000,15000
credit_default,extra_trees,neg_entropy,AUC,0.9970697466666668,,,,15000,15000
credit_default,extra_trees,neg_entropy,TPR@1%FPR,0.9988,-0.0560015328228473,0.01,0.53,15000,15000
credit_default,extra_trees,neg_entropy,membership_advantage@1%FPR,0.9888,-0.0560015328228473,0.01,0.53,15000,15000
credit_default,extra_trees,neg_entropy,TPR@0.1%FPR,0.2881153846153846,-2.7631020735330303e-11,0.001,0.2884615384615385,15000,15000
credit_default,extra_trees,neg_entropy,membership_advantage@0.1%FPR,0.2871153846153846,-2.7631020735330303e-11,0.001,0.2884615384615385,15000,15000
credit_default,extra_trees,modified_entropy,AUC,0.9976632533333334,,,,15000,15000
credit_default,extra_trees,modified_entropy,TPR@1%FPR,0.9988,-0.0002010067109949,0.01,0.7444444444444444,15000,15000
credit_default,extra_trees,modified_entropy,membership_advantage@1%FPR,0.9888,-0.0002010067109949,0.01,0.7444444444444444,15000,15000
credit_default,extra_trees,modified_entropy,TPR@0.1%FPR,0.3654146341463414,-1.9999335775516983e-24,0.001,0.3658536585365853,15000,15000
credit_default,extra_trees,modified_entropy,membership_advantage@0.1%FPR,0.3644146341463414,-1.9999335775516983e-24,0.001,0.3658536585365853,15000,15000
credit_default,small_mlp,neg_loss,AUC,0.5032664133333333,,,,15000,15000
credit_default,small_mlp,neg_loss,TPR@1%FPR,0.0100666666666666,-0.0172292534261941,0.01,0.999999999999994,15000,15000
credit_default,small_mlp,neg_loss,membership_advantage@1%FPR,6.666666666666626e-05,-0.0172292534261941,0.01,0.999999999999994,15000,15000
credit_default,small_mlp,neg_loss,TPR@0.1%FPR,0.0006,-0.0021253745071589,0.001,1.0,15000,15000
credit_default,small_mlp,neg_loss,membership_advantage@0.1%FPR,-0.0004,-0.0021253745071589,0.001,1.0,15000,15000
credit_default,small_mlp,confidence,AUC,0.4990097022222222,,,,15000,15000
credit_default,small_mlp,confidence,TPR@1%FPR,0.0098666666666666,0.983479619026184,0.01,0.999999999999994,15000,15000
credit_default,small_mlp,confidence,membership_advantage@1%FPR,-0.0001333333333333,0.983479619026184,0.01,0.999999999999994,15000,15000
credit_default,small_mlp,confidence,TPR@0.1%FPR,0.0006,0.9978768825531006,0.001,1.0,15000,15000
credit_default,small_mlp,confidence,membership_advantage@0.1%FPR,-0.0004,0.9978768825531006,0.001,1.0,15000,15000
credit_default,small_mlp,neg_entropy,AUC,0.4990097177777778,,,,15000,15000
credit_default,small_mlp,neg_entropy,TPR@1%FPR,0.0098666666666666,-0.0841689854860305,0.01,0.999999999999994,15000,15000
credit_default,small_mlp,neg_entropy,membership_advantage@1%FPR,-0.0001333333333333,-0.0841689854860305,0.01,0.999999999999994,15000,15000
credit_default,small_mlp,neg_entropy,TPR@0.1%FPR,0.0006,-0.0151882655918598,0.001,1.0,15000,15000
credit_default,small_mlp,neg_entropy,membership_advantage@0.1%FPR,-0.0004,-0.0151882655918598,0.001,1.0,15000,15000
credit_default,small_mlp,modified_entropy,AUC,0.5032664155555555,,,,15000,15000
credit_default,small_mlp,modified_entropy,TPR@1%FPR,0.0100666666666666,-0.0005886095459572,0.01,0.999999999999994,15000,15000
credit_default,small_mlp,modified_entropy,membership_advantage@1%FPR,6.666666666666626e-05,-0.0005886095459572,0.01,0.999999999999994,15000,15000
credit_default,small_mlp,modified_entropy,TPR@0.1%FPR,0.0006,-9.024750397657044e-06,0.001,1.0,15000,15000
credit_default,small_mlp,modified_entropy,membership_advantage@0.1%FPR,-0.0004,-9.024750397657044e-06,0.001,1.0,15000,15000
covertype,logistic_regression,neg_loss,AUC,0.5003382028257146,,,,290506,290506
covertype,logistic_regression,neg_loss,TPR@1%FPR,0.009824237709376,-0.0309115834534168,0.01,0.0600000000001043,290506,290506
covertype,logistic_regression,neg_loss,membership_advantage@1%FPR,-0.0001757622906239,-0.0309115834534168,0.01,0.0600000000001043,290506,290506
covertype,logistic_regression,neg_loss,TPR@0.1%FPR,0.000956950975195,-0.0045529357157647,0.001,0.5060000000000276,290506,290506
covertype,logistic_regression,neg_loss,membership_advantage@0.1%FPR,-4.304902480499549e-05,-0.0045529357157647,0.001,0.5060000000000276,290506,290506
covertype,logistic_regression,confidence,AUC,0.5002088261206079,,,,290506,290506
covertype,logistic_regression,confidence,TPR@1%FPR,0.0098380067881558,0.9697668552398682,0.01,0.0600000000001043,290506,290506
covertype,logistic_regression,confidence,membership_advantage@1%FPR,-0.0001619932118441,0.9697668552398682,0.01,0.0600000000001043,290506,290506
covertype,logistic_regression,confidence,TPR@0.1%FPR,0.000956950975195,0.995457410812378,0.001,0.5060000000000276,290506,290506
covertype,logistic_regression,confidence,membership_advantage@0.1%FPR,-4.304902480499549e-05,0.995457410812378,0.001,0.5060000000000276,290506,290506
covertype,logistic_regression,neg_entropy,AUC,0.5007097630501207,,,,290506,290506
covertype,logistic_regression,neg_entropy,TPR@1%FPR,0.0097829304730367,-0.1400157809257507,0.01,0.0600000000001043,290506,290506
covertype,logistic_regression,neg_entropy,membership_advantage@1%FPR,-0.0002170695269632,-0.1400157809257507,0.01,0.0600000000001043,290506,290506
covertype,logistic_regression,neg_entropy,TPR@0.1%FPR,0.0009672777842798,-0.0303959045559167,0.001,0.5060000000000276,290506,290506
covertype,logistic_regression,neg_entropy,membership_advantage@0.1%FPR,-3.2722215720157235e-05,-0.0303959045559167,0.001,0.5060000000000276,290506,290506
covertype,logistic_regression,modified_entropy,AUC,0.5002860094733773,,,,290506,290506
covertype,logistic_regression,modified_entropy,TPR@1%FPR,0.0098001418215114,-0.0017716297879815,0.01,0.0600000000001043,290506,290506
covertype,logistic_regression,modified_entropy,membership_advantage@1%FPR,-0.0001998581784885,-0.0017716297879815,0.01,0.0600000000001043,290506,290506
covertype,logistic_regression,modified_entropy,TPR@0.1%FPR,0.000956950975195,-4.120559970033355e-05,0.001,0.5060000000000276,290506,290506
covertype,logistic_regression,modified_entropy,membership_advantage@0.1%FPR,-4.304902480499549e-05,-4.120559970033355e-05,0.001,0.5060000000000276,290506,290506
covertype,random_forest,neg_loss,AUC,0.6995279023293505,,,,290506,290506
covertype,random_forest,neg_loss,TPR@1%FPR,0.0314774615129028,0.0,0.01,0.3217477018495957,290506,290506
covertype,random_forest,neg_loss,membership_advantage@1%FPR,0.0214774615129028,0.0,0.01,0.3217477018495957,290506,290506
covertype,random_forest,neg_loss,TPR@0.1%FPR,0.0031477461512902,0.0,0.001,0.0321747701849595,290506,290506
covertype,random_forest,neg_loss,membership_advantage@0.1%FPR,0.0021477461512902,0.0,0.001,0.0321747701849595,290506,290506
covertype,random_forest,confidence,AUC,0.6986312829289756,,,,290506,290506
covertype,random_forest,confidence,TPR@1%FPR,0.0314774615129028,1.0,0.01,0.3217477018495957,290506,290506
covertype,random_forest,confidence,membership_advantage@1%FPR,0.0214774615129028,1.0,0.01,0.3217477018495957,290506,290506
covertype,random_forest,confidence,TPR@0.1%FPR,0.0031477461512902,1.0,0.001,0.0321747701849595,290506,290506
covertype,random_forest,confidence,membership_advantage@0.1%FPR,0.0021477461512902,1.0,0.001,0.0321747701849595,290506,290506
covertype,random_forest,neg_entropy,AUC,0.6996280525584669,,,,290506,290506
covertype,random_forest,neg_entropy,TPR@1%FPR,0.0314774615129028,-1.6578612094253486e-10,0.01,0.3217477018495957,290506,290506
covertype,random_forest,neg_entropy,membership_advantage@1%FPR,0.0214774615129028,-1.6578612094253486e-10,0.01,0.3217477018495957,290506,290506
covertype,random_forest,neg_entropy,TPR@0.1%FPR,0.0031477461512902,-1.6578612094253486e-10,0.001,0.0321747701849595,290506,290506
covertype,random_forest,neg_entropy,membership_advantage@0.1%FPR,0.0021477461512902,-1.6578612094253486e-10,0.001,0.0321747701849595,290506,290506
covertype,random_forest,modified_entropy,AUC,0.6983001502488431,,,,290506,290506
covertype,random_forest,modified_entropy,TPR@1%FPR,0.0314774615129028,-6.99982313612476e-24,0.01,0.3217477018495957,290506,290506
covertype,random_forest,modified_entropy,membership_advantage@1%FPR,0.0214774615129028,-6.99982313612476e-24,0.01,0.3217477018495957,290506,290506
covertype,random_forest,modified_entropy,TPR@0.1%FPR,0.0031477461512902,-6.99982313612476e-24,0.001,0.0321747701849595,290506,290506
covertype,random_forest,modified_entropy,membership_advantage@0.1%FPR,0.0021477461512902,-6.99982313612476e-24,0.001,0.0321747701849595,290506,290506
covertype,hist_gradient_boosting,neg_loss,AUC,0.5067811146286483,,,,290506,290506
covertype,hist_gradient_boosting,neg_loss,TPR@1%FPR,0.0103924187452238,-0.0110641224309802,0.01,0.0600000000001043,290506,290506
covertype,hist_gradient_boosting,neg_loss,membership_advantage@1%FPR,0.0003924187452238,-0.0110641224309802,0.01,0.0600000000001043,290506,290506
covertype,hist_gradient_boosting,neg_loss,TPR@0.1%FPR,0.0009945652173913,0.0,0.001,0.5262789855072464,290506,290506
covertype,hist_gradient_boosting,neg_loss,membership_advantage@0.1%FPR,-5.434782608695638e-06,0.0,0.001,0.5262789855072464,290506,290506
covertype,hist_gradient_boosting,confidence,AUC,0.5020829815251336,,,,290506,290506
covertype,hist_gradient_boosting,confidence,TPR@1%FPR,0.009314781794524,0.9903107285499572,0.01,0.5300000000000821,290506,290506
covertype,hist_gradient_boosting,confidence,membership_advantage@1%FPR,-0.0006852182054759,0.9903107285499572,0.01,0.5300000000000821,290506,290506
covertype,hist_gradient_boosting,confidence,TPR@0.1%FPR,0.0008446069469835,1.0,0.001,0.26554478976234,290506,290506
covertype,hist_gradient_boosting,confidence,membership_advantage@0.1%FPR,-0.0001553930530164,1.0,0.001,0.26554478976234,290506,290506
covertype,hist_gradient_boosting,neg_entropy,AUC,0.5025612490885318,,,,290506,290506
covertype,hist_gradient_boosting,neg_entropy,TPR@1%FPR,0.0093733003793381,-0.0595327951014041,0.01,0.0600000000001043,290506,290506
covertype,hist_gradient_boosting,neg_entropy,membership_advantage@1%FPR,-0.0006266996206618,-0.0595327951014041,0.01,0.0600000000001043,290506,290506
covertype,hist_gradient_boosting,neg_entropy,TPR@0.1%FPR,0.0008304668304668,-1.6578612094253486e-10,0.001,0.3568869778869779,290506,290506
covertype,hist_gradient_boosting,neg_entropy,membership_advantage@0.1%FPR,-0.0001695331695331,-1.6578612094253486e-10,0.001,0.3568869778869779,290506,290506
covertype,hist_gradient_boosting,modified_entropy,AUC,0.5068155603841812,,,,290506,290506
covertype,hist_gradient_boosting,modified_entropy,TPR@1%FPR,0.0103061554666685,-0.0002039132814388,0.01,0.0600000000001043,290506,290506
covertype,hist_gradient_boosting,modified_entropy,membership_advantage@1%FPR,0.0003061554666685,-0.0002039132814388,0.01,0.0600000000001043,290506,290506
covertype,hist_gradient_boosting,modified_entropy,TPR@0.1%FPR,0.0009968701095461,-6.99982313612476e-24,0.001,0.4546259780907669,290506,290506
covertype,hist_gradient_boosting,modified_entropy,membership_advantage@0.1%FPR,-3.1298904538340847e-06,-6.99982313612476e-24,0.001,0.4546259780907669,290506,290506
covertype,extra_trees,neg_loss,AUC,0.9768765533242,,,,290506,290506
covertype,extra_trees,neg_loss,TPR@1%FPR,0.2162307406029028,0.0,0.01,0.2162307406029028,290506,290506
covertype,extra_trees,neg_loss,membership_advantage@1%FPR,0.2062307406029028,0.0,0.01,0.2162307406029028,290506,290506
covertype,extra_trees,neg_loss,TPR@0.1%FPR,0.0216230740602902,0.0,0.001,0.0216230740602902,290506,290506
covertype,extra_trees,neg_loss,membership_advantage@0.1%FPR,0.0206230740602902,0.0,0.001,0.0216230740602902,290506,290506
covertype,extra_trees,confidence,AUC,0.9768765533242,,,,290506,290506
covertype,extra_trees,confidence,TPR@1%FPR,0.2162307406029028,1.0,0.01,0.2162307406029028,290506,290506
covertype,extra_trees,confidence,membership_advantage@1%FPR,0.2062307406029028,1.0,0.01,0.2162307406029028,290506,290506
covertype,extra_trees,confidence,TPR@0.1%FPR,0.0216230740602902,1.0,0.001,0.0216230740602902,290506,290506
covertype,extra_trees,confidence,membership_advantage@0.1%FPR,0.0206230740602902,1.0,0.001,0.0216230740602902,290506,290506
covertype,extra_trees,neg_entropy,AUC,0.9768765533242,,,,290506,290506
covertype,extra_trees,neg_entropy,TPR@1%FPR,0.2162307406029028,-1.6578612094253486e-10,0.01,0.2162307406029028,290506,290506
covertype,extra_trees,neg_entropy,membership_advantage@1%FPR,0.2062307406029028,-1.6578612094253486e-10,0.01,0.2162307406029028,290506,290506
covertype,extra_trees,neg_entropy,TPR@0.1%FPR,0.0216230740602902,-1.6578612094253486e-10,0.001,0.0216230740602902,290506,290506
covertype,extra_trees,neg_entropy,membership_advantage@0.1%FPR,0.0206230740602902,-1.6578612094253486e-10,0.001,0.0216230740602902,290506,290506
covertype,extra_trees,modified_entropy,AUC,0.9768765533241998,,,,290506,290506
covertype,extra_trees,modified_entropy,TPR@1%FPR,0.2162307406029028,-6.99982313612476e-24,0.01,0.2162307406029028,290506,290506
covertype,extra_trees,modified_entropy,membership_advantage@1%FPR,0.2062307406029028,-6.99982313612476e-24,0.01,0.2162307406029028,290506,290506
covertype,extra_trees,modified_entropy,TPR@0.1%FPR,0.0216230740602902,-6.99982313612476e-24,0.001,0.0216230740602902,290506,290506
covertype,extra_trees,modified_entropy,membership_advantage@0.1%FPR,0.0206230740602902,-6.99982313612476e-24,0.001,0.0216230740602902,290506,290506
covertype,small_mlp,neg_loss,AUC,0.5025561758802571,,,,290506,290506
covertype,small_mlp,neg_loss,TPR@1%FPR,0.0106712425905144,-8.988784247776493e-05,0.01,0.5300000000000821,290506,290506
covertype,small_mlp,neg_loss,membership_advantage@1%FPR,0.0006712425905144,-8.988784247776493e-05,0.01,0.5300000000000821,290506,290506
covertype,small_mlp,neg_loss,TPR@0.1%FPR,0.0011359773371104,0.0,0.001,0.8229631728045326,290506,290506
covertype,small_mlp,neg_loss,membership_advantage@0.1%FPR,0.0001359773371104,0.0,0.001,0.8229631728045326,290506,290506
covertype,small_mlp,confidence,AUC,0.5006677984841903,,,,290506,290506
covertype,small_mlp,confidence,TPR@1%FPR,0.0106384377603216,0.9999111890792848,0.01,0.5300000000000821,290506,290506
covertype,small_mlp,confidence,membership_advantage@1%FPR,0.0006384377603216,0.9999111890792848,0.01,0.5300000000000821,290506,290506
covertype,small_mlp,confidence,TPR@0.1%FPR,0.0011355932203389,1.0,0.001,0.820638418079096,290506,290506
covertype,small_mlp,confidence,membership_advantage@0.1%FPR,0.0001355932203389,1.0,0.001,0.820638418079096,290506,290506
covertype,small_mlp,neg_entropy,AUC,0.5008506313664012,,,,290506,290506
covertype,small_mlp,neg_entropy,TPR@1%FPR,0.0106194020089085,-0.000937201839406,0.01,0.0600000000001043,290506,290506
covertype,small_mlp,neg_entropy,membership_advantage@1%FPR,0.0006194020089085,-0.000937201839406,0.01,0.0600000000001043,290506,290506
covertype,small_mlp,neg_entropy,TPR@0.1%FPR,0.0010430077175686,-3.2139178074430674e-07,0.001,0.5060000000000276,290506,290506
covertype,small_mlp,neg_entropy,membership_advantage@0.1%FPR,4.300771756865604e-05,-3.2139178074430674e-07,0.001,0.5060000000000276,290506,290506
covertype,small_mlp,modified_entropy,AUC,0.5025407797375925,,,,290506,290506
covertype,small_mlp,modified_entropy,TPR@1%FPR,0.0106951319421974,-1.4732304265407949e-08,0.01,0.0600000000001043,290506,290506
covertype,small_mlp,modified_entropy,membership_advantage@1%FPR,0.0006951319421974,-1.4732304265407949e-08,0.01,0.0600000000001043,290506,290506
covertype,small_mlp,modified_entropy,TPR@0.1%FPR,0.0010567767963484,-2.891850685358374e-16,0.001,0.5060000000000276,290506,290506
covertype,small_mlp,modified_entropy,membership_advantage@0.1%FPR,5.6776796348440234e-05,-2.891850685358374e-16,0.001,0.5060000000000276,290506,290506
adult_income,logistic_regression,neg_loss,AUC,0.5044702824897707,,,,24421,24421
adult_income,logistic_regression,neg_loss,TPR@1%FPR,0.009786659022972,-0.0002636553545016,0.01,0.2100000000000029,24421,24421
adult_income,logistic_regression,neg_loss,membership_advantage@1%FPR,-0.0002133409770279,-0.0002636553545016,0.01,0.2100000000000029,24421,24421
adult_income,logistic_regression,neg_loss,TPR@0.1%FPR,0.0014310347651611,-1.1102230246251563e-15,0.001,0.8421,24421,24421
adult_income,logistic_regression,neg_loss,membership_advantage@0.1%FPR,0.0004310347651611,-1.1102230246251563e-15,0.001,0.8421,24421,24421
adult_income,logistic_regression,confidence,AUC,0.503212069763477,,,,24421,24421
adult_income,logistic_regression,confidence,TPR@1%FPR,0.0096228655665206,0.9997418522834778,0.01,0.2100000000000029,24421,24421
adult_income,logistic_regression,confidence,membership_advantage@1%FPR,-0.0003771344334793,0.9997418522834778,0.01,0.2100000000000029,24421,24421
adult_income,logistic_regression,confidence,TPR@0.1%FPR,0.0009624999999999,1.0,0.001,0.15263125,24421,24421
adult_income,logistic_regression,confidence,membership_advantage@0.1%FPR,-3.75000000000001e-05,1.0,0.001,0.15263125,24421,24421
adult_income,logistic_regression,neg_entropy,AUC,0.5032127396325021,,,,24421,24421
adult_income,logistic_regression,neg_entropy,TPR@1%FPR,0.0096228655665206,-0.0023907257709652,0.01,0.2100000000000029,24421,24421
adult_income,logistic_regression,neg_entropy,membership_advantage@1%FPR,-0.0003771344334793,-0.0023907257709652,0.01,0.2100000000000029,24421,24421
adult_income,logistic_regression,neg_entropy,TPR@0.1%FPR,0.0014310347651611,-2.7632130958354928e-11,0.001,0.8421,24421,24421
adult_income,logistic_regression,neg_entropy,membership_advantage@0.1%FPR,0.0004310347651611,-2.7632130958354928e-11,0.001,0.8421,24421,24421
adult_income,logistic_regression,modified_entropy,AUC,0.5044698934794732,,,,24421,24421
adult_income,logistic_regression,modified_entropy,TPR@1%FPR,0.009786659022972,-1.3900995554649853e-07,0.01,0.2100000000000029,24421,24421
adult_income,logistic_regression,modified_entropy,membership_advantage@1%FPR,-0.0002133409770279,-1.3900995554649853e-07,0.01,0.2100000000000029,24421,24421
adult_income,logistic_regression,modified_entropy,TPR@0.1%FPR,0.0009752066115702,-1.9999335775516983e-24,0.001,0.2018264462809917,24421,24421
adult_income,logistic_regression,modified_entropy,membership_advantage@0.1%FPR,-2.4793388429752072e-05,-1.9999335775516983e-24,0.001,0.2018264462809917,24421,24421
adult_income,random_forest,neg_loss,AUC,0.6286392984362937,,,,24421,24421
adult_income,random_forest,neg_loss,TPR@1%FPR,0.0141473456121343,0.0,0.01,0.0529165763813651,24421,24421
adult_income,random_forest,neg_loss,membership_advantage@1%FPR,0.0041473456121343,0.0,0.01,0.0529165763813651,24421,24421
adult_income,random_forest,neg_loss,TPR@0.1%FPR,0.0014147345612134,0.0,0.001,0.0052916576381365,24421,24421
adult_income,random_forest,neg_loss,membership_advantage@0.1%FPR,0.0004147345612134,0.0,0.001,0.0052916576381365,24421,24421
adult_income,random_forest,confidence,AUC,0.6129102254225638,,,,24421,24421
adult_income,random_forest,confidence,TPR@1%FPR,0.0140984668538112,1.0,0.01,0.0527337508097603,24421,24421
adult_income,random_forest,confidence,membership_advantage@1%FPR,0.0040984668538112,1.0,0.01,0.0527337508097603,24421,24421
adult_income,random_forest,confidence,TPR@0.1%FPR,0.0014098466853811,1.0,0.001,0.005273375080976,24421,24421
adult_income,random_forest,confidence,membership_advantage@0.1%FPR,0.0004098466853811,1.0,0.001,0.005273375080976,24421,24421
adult_income,random_forest,neg_entropy,AUC,0.6129102254225638,,,,24421,24421
adult_income,random_forest,neg_entropy,TPR@1%FPR,0.0140984668538112,-2.7631020735330303e-11,0.01,0.0527337508097603,24421,24421
adult_income,random_forest,neg_entropy,membership_advantage@1%FPR,0.0040984668538112,-2.7631020735330303e-11,0.01,0.0527337508097603,24421,24421
adult_income,random_forest,neg_entropy,TPR@0.1%FPR,0.0014098466853811,-2.7631020735330303e-11,0.001,0.005273375080976,24421,24421
adult_income,random_forest,neg_entropy,membership_advantage@0.1%FPR,0.0004098466853811,-2.7631020735330303e-11,0.001,0.005273375080976,24421,24421
adult_income,random_forest,modified_entropy,AUC,0.6286392984362937,,,,24421,24421
adult_income,random_forest,modified_entropy,TPR@1%FPR,0.0141473456121343,-1.9999335775516983e-24,0.01,0.0529165763813651,24421,24421
adult_income,random_forest,modified_entropy,membership_advantage@1%FPR,0.0041473456121343,-1.9999335775516983e-24,0.01,0.0529165763813651,24421,24421
adult_income,random_forest,modified_entropy,TPR@0.1%FPR,0.0014147345612134,-1.9999335775516983e-24,0.001,0.0052916576381365,24421,24421
adult_income,random_forest,modified_entropy,membership_advantage@0.1%FPR,0.0004147345612134,-1.9999335775516983e-24,0.001,0.0052916576381365,24421,24421
adult_income,hist_gradient_boosting,neg_loss,AUC,0.5116927139047024,,,,24421,24421
adult_income,hist_gradient_boosting,neg_loss,TPR@1%FPR,0.0097241445204264,-0.0003094211861025,0.01,0.7366666666666635,24421,24421
adult_income,hist_gradient_boosting,neg_loss,membership_advantage@1%FPR,-0.0002758554795735,-0.0003094211861025,0.01,0.7366666666666635,24421,24421
adult_income,hist_gradient_boosting,neg_loss,TPR@0.1%FPR,0.0006551738258056,-0.000229416633374,0.001,0.421000000000002,24421,24421
adult_income,hist_gradient_boosting,neg_loss,membership_advantage@0.1%FPR,-0.0003448261741943,-0.000229416633374,0.001,0.421000000000002,24421,24421
adult_income,hist_gradient_boosting,confidence,AUC,0.5055625068696159,,,,24421,24421
adult_income,hist_gradient_boosting,confidence,TPR@1%FPR,0.0097241445204264,0.9996906518936156,0.01,0.7366666666666635,24421,24421
adult_income,hist_gradient_boosting,confidence,membership_advantage@1%FPR,-0.0002758554795735,0.9996906518936156,0.01,0.7366666666666635,24421,24421
adult_income,hist_gradient_boosting,confidence,TPR@0.1%FPR,0.0006551738258056,0.9997705817222596,0.001,0.421000000000002,24421,24421
adult_income,hist_gradient_boosting,confidence,membership_advantage@0.1%FPR,-0.0003448261741943,0.9997705817222596,0.001,0.421000000000002,24421,24421
adult_income,hist_gradient_boosting,neg_entropy,AUC,0.5055625328595279,,,,24421,24421
adult_income,hist_gradient_boosting,neg_entropy,TPR@1%FPR,0.0097241445204264,-0.0028093594592064,0.01,0.7366666666666635,24421,24421
adult_income,hist_gradient_boosting,neg_entropy,membership_advantage@1%FPR,-0.0002758554795735,-0.0028093594592064,0.01,0.7366666666666635,24421,24421
adult_income,hist_gradient_boosting,neg_entropy,TPR@0.1%FPR,0.0006551738258056,-0.0021516745910048,0.001,0.421000000000002,24421,24421
adult_income,hist_gradient_boosting,neg_entropy,membership_advantage@0.1%FPR,-0.0003448261741943,-0.0021516745910048,0.001,0.421000000000002,24421,24421
adult_income,hist_gradient_boosting,modified_entropy,AUC,0.5116927139047025,,,,24421,24421
adult_income,hist_gradient_boosting,modified_entropy,TPR@1%FPR,0.0097241445204264,-1.914533243052574e-07,0.01,0.7366666666666635,24421,24421
adult_income,hist_gradient_boosting,modified_entropy,membership_advantage@1%FPR,-0.0002758554795735,-1.914533243052574e-07,0.01,0.7366666666666635,24421,24421
adult_income,hist_gradient_boosting,modified_entropy,TPR@0.1%FPR,0.0006551738258056,-1.0525190674570697e-07,0.001,0.421000000000002,24421,24421
adult_income,hist_gradient_boosting,modified_entropy,membership_advantage@0.1%FPR,-0.0003448261741943,-1.0525190674570697e-07,0.001,0.421000000000002,24421,24421
adult_income,extra_trees,neg_loss,AUC,0.8696655061924982,,,,24421,24421
adult_income,extra_trees,neg_loss,TPR@1%FPR,0.0383765519409083,0.0,0.01,0.0383796951123683,24421,24421
adult_income,extra_trees,neg_loss,membership_advantage@1%FPR,0.0283765519409083,0.0,0.01,0.0383796951123683,24421,24421
adult_income,extra_trees,neg_loss,TPR@0.1%FPR,0.0038376551940908,0.0,0.001,0.0038379695112368,24421,24421
adult_income,extra_trees,neg_loss,membership_advantage@0.1%FPR,0.0028376551940908,0.0,0.001,0.0038379695112368,24421,24421
adult_income,extra_trees,confidence,AUC,0.8679524347920607,,,,24421,24421
adult_income,extra_trees,confidence,TPR@1%FPR,0.0378824076946943,1.0,0.01,0.0378855103940428,24421,24421
adult_income,extra_trees,confidence,membership_advantage@1%FPR,0.0278824076946943,1.0,0.01,0.0378855103940428,24421,24421
adult_income,extra_trees,confidence,TPR@0.1%FPR,0.0037882407694694,1.0,0.001,0.0037885510394042,24421,24421
adult_income,extra_trees,confidence,membership_advantage@0.1%FPR,0.0027882407694694,1.0,0.001,0.0037885510394042,24421,24421
adult_income,extra_trees,neg_entropy,AUC,0.8679524347920607,,,,24421,24421
adult_income,extra_trees,neg_entropy,TPR@1%FPR,0.0378824076946943,-2.7631020735330303e-11,0.01,0.0378855103940428,24421,24421
adult_income,extra_trees,neg_entropy,membership_advantage@1%FPR,0.0278824076946943,-2.7631020735330303e-11,0.01,0.0378855103940428,24421,24421
adult_income,extra_trees,neg_entropy,TPR@0.1%FPR,0.0037882407694694,-2.7631020735330303e-11,0.001,0.0037885510394042,24421,24421
adult_income,extra_trees,neg_entropy,membership_advantage@0.1%FPR,0.0027882407694694,-2.7631020735330303e-11,0.001,0.0037885510394042,24421,24421
adult_income,extra_trees,modified_entropy,AUC,0.8696655061924982,,,,24421,24421
adult_income,extra_trees,modified_entropy,TPR@1%FPR,0.0383765519409083,-1.9999335775516983e-24,0.01,0.0383796951123683,24421,24421
adult_income,extra_trees,modified_entropy,membership_advantage@1%FPR,0.0283765519409083,-1.9999335775516983e-24,0.01,0.0383796951123683,24421,24421
adult_income,extra_trees,modified_entropy,TPR@0.1%FPR,0.0038376551940908,-1.9999335775516983e-24,0.001,0.0038379695112368,24421,24421
adult_income,extra_trees,modified_entropy,membership_advantage@0.1%FPR,0.0028376551940908,-1.9999335775516983e-24,0.001,0.0038379695112368,24421,24421
adult_income,small_mlp,neg_loss,AUC,0.5129719491163599,,,,24421,24421
adult_income,small_mlp,neg_loss,TPR@1%FPR,0.0098742885221735,-5.304827482177643e-06,0.01,0.0700000000000009,24421,24421
adult_income,small_mlp,neg_loss,membership_advantage@1%FPR,-0.0001257114778264,-5.304827482177643e-06,0.01,0.0700000000000009,24421,24421
adult_income,small_mlp,neg_loss,TPR@0.1%FPR,0.001065868263473,0.0,0.001,0.1462335329341317,24421,24421
adult_income,small_mlp,neg_loss,membership_advantage@0.1%FPR,6.586826347305388e-05,0.0,0.001,0.1462335329341317,24421,24421
adult_income,small_mlp,confidence,AUC,0.5044619950613433,,,,24421,24421
adult_income,small_mlp,confidence,TPR@1%FPR,0.0097952581794357,0.9999950528144836,0.01,0.2100000000000029,24421,24421
adult_income,small_mlp,confidence,membership_advantage@1%FPR,-0.0002047418205642,0.9999950528144836,0.01,0.2100000000000029,24421,24421
adult_income,small_mlp,confidence,TPR@0.1%FPR,0.0010591715976331,1.0,0.001,0.1445029585798816,24421,24421
adult_income,small_mlp,confidence,membership_advantage@0.1%FPR,5.917159763313613e-05,1.0,0.001,0.1445029585798816,24421,24421
adult_income,small_mlp,neg_entropy,AUC,0.5044598328683321,,,,24421,24421
adult_income,small_mlp,neg_entropy,TPR@1%FPR,0.0098276073870848,-6.568591925315559e-05,0.01,0.2100000000000029,24421,24421
adult_income,small_mlp,neg_entropy,membership_advantage@1%FPR,-0.0001723926129151,-6.568591925315559e-05,0.01,0.2100000000000029,24421,24421
adult_income,small_mlp,neg_entropy,TPR@0.1%FPR,0.0009692307692307,-2.7631020735330303e-11,0.001,0.1878538461538461,24421,24421
adult_income,small_mlp,neg_entropy,membership_advantage@0.1%FPR,-3.07692307692307e-05,-2.7631020735330303e-11,0.001,0.1878538461538461,24421,24421
adult_income,small_mlp,modified_entropy,AUC,0.5129696586505568,,,,24421,24421
adult_income,small_mlp,modified_entropy,TPR@1%FPR,0.0098685557511977,-5.5982093960516004e-11,0.01,0.2100000000000029,24421,24421
adult_income,small_mlp,modified_entropy,membership_advantage@1%FPR,-0.0001314442488022,-5.5982093960516004e-11,0.01,0.2100000000000029,24421,24421
adult_income,small_mlp,modified_entropy,TPR@0.1%FPR,0.0009692307692307,-1.9999335775516983e-24,0.001,0.1878538461538461,24421,24421
adult_income,small_mlp,modified_entropy,membership_advantage@0.1%FPR,-3.07692307692307e-05,-1.9999335775516983e-24,0.001,0.1878538461538461,24421,24421
bank_marketing,logistic_regression,neg_loss,AUC,0.5021225613176207,,,,20594,20594
bank_marketing,logistic_regression,neg_loss,TPR@1%FPR,0.0102457026318345,-0.0192108117043972,0.01,0.9399999999999932,20594,20594
bank_marketing,logistic_regression,neg_loss,membership_advantage@1%FPR,0.0002457026318345,-0.0192108117043972,0.01,0.9399999999999932,20594,20594
bank_marketing,logistic_regression,neg_loss,TPR@0.1%FPR,0.0013596193065941,-0.0109941763803362,0.001,0.594000000000001,20594,20594
bank_marketing,logistic_regression,neg_loss,membership_advantage@0.1%FPR,0.0003596193065941,-0.0109941763803362,0.001,0.594000000000001,20594,20594
bank_marketing,logistic_regression,confidence,AUC,0.5020589108036333,,,,20594,20594
bank_marketing,logistic_regression,confidence,TPR@1%FPR,0.0098572399728076,0.9811058044433594,0.01,0.9399999999999932,20594,20594
bank_marketing,logistic_regression,confidence,membership_advantage@1%FPR,-0.0001427600271923,0.9811058044433594,0.01,0.9399999999999932,20594,20594
bank_marketing,logistic_regression,confidence,TPR@0.1%FPR,0.0014081771389725,0.9890660643577576,0.001,0.594000000000001,20594,20594
bank_marketing,logistic_regression,confidence,membership_advantage@0.1%FPR,0.0004081771389725,0.9890660643577576,0.001,0.594000000000001,20594,20594
bank_marketing,logistic_regression,neg_entropy,AUC,0.5020588848671395,,,,20594,20594
bank_marketing,logistic_regression,neg_entropy,TPR@1%FPR,0.0098572399728076,-0.0937036350369453,0.01,0.9399999999999932,20594,20594
bank_marketing,logistic_regression,neg_entropy,membership_advantage@1%FPR,-0.0001427600271923,-0.0937036350369453,0.01,0.9399999999999932,20594,20594
bank_marketing,logistic_regression,neg_entropy,TPR@0.1%FPR,0.0014081771389725,-0.0602504424750804,0.001,0.594000000000001,20594,20594
bank_marketing,logistic_regression,neg_entropy,membership_advantage@0.1%FPR,0.0004081771389725,-0.0602504424750804,0.001,0.594000000000001,20594,20594
bank_marketing,logistic_regression,modified_entropy,AUC,0.5021225589597575,,,,20594,20594
bank_marketing,logistic_regression,modified_entropy,TPR@1%FPR,0.0102457026318345,-0.000731065927539,0.01,0.9399999999999932,20594,20594
bank_marketing,logistic_regression,modified_entropy,membership_advantage@1%FPR,0.0002457026318345,-0.000731065927539,0.01,0.9399999999999932,20594,20594
bank_marketing,logistic_regression,modified_entropy,TPR@0.1%FPR,0.0013596193065941,-0.0002404198021395,0.001,0.594000000000001,20594,20594
bank_marketing,logistic_regression,modified_entropy,membership_advantage@0.1%FPR,0.0003596193065941,-0.0002404198021395,0.001,0.594000000000001,20594,20594
bank_marketing,random_forest,neg_loss,AUC,0.659716010104443,,,,20594,20594
bank_marketing,random_forest,neg_loss,TPR@1%FPR,0.0250330639235855,0.0,0.01,0.1513152094048493,20594,20594
bank_marketing,random_forest,neg_loss,membership_advantage@1%FPR,0.0150330639235855,0.0,0.01,0.1513152094048493,20594,20594
bank_marketing,random_forest,neg_loss,TPR@0.1%FPR,0.0025033063923585,0.0,0.001,0.0151315209404849,20594,20594
bank_marketing,random_forest,neg_loss,membership_advantage@0.1%FPR,0.0015033063923585,0.0,0.001,0.0151315209404849,20594,20594
bank_marketing,random_forest,confidence,AUC,0.6406970219595052,,,,20594,20594
bank_marketing,random_forest,confidence,TPR@1%FPR,0.0241459957476966,1.0,0.01,0.1459532246633593,20594,20594
bank_marketing,random_forest,confidence,membership_advantage@1%FPR,0.0141459957476966,1.0,0.01,0.1459532246633593,20594,20594
bank_marketing,random_forest,confidence,TPR@0.1%FPR,0.0024145995747696,1.0,0.001,0.0145953224663359,20594,20594
bank_marketing,random_forest,confidence,membership_advantage@0.1%FPR,0.0014145995747696,1.0,0.001,0.0145953224663359,20594,20594
bank_marketing,random_forest,neg_entropy,AUC,0.6406970219595052,,,,20594,20594
bank_marketing,random_forest,neg_entropy,TPR@1%FPR,0.0241459957476966,-2.7631020735330303e-11,0.01,0.1459532246633593,20594,20594
bank_marketing,random_forest,neg_entropy,membership_advantage@1%FPR,0.0141459957476966,-2.7631020735330303e-11,0.01,0.1459532246633593,20594,20594
bank_marketing,random_forest,neg_entropy,TPR@0.1%FPR,0.0024145995747696,-2.7631020735330303e-11,0.001,0.0145953224663359,20594,20594
bank_marketing,random_forest,neg_entropy,membership_advantage@0.1%FPR,0.0014145995747696,-2.7631020735330303e-11,0.001,0.0145953224663359,20594,20594
bank_marketing,random_forest,modified_entropy,AUC,0.659716010104443,,,,20594,20594
bank_marketing,random_forest,modified_entropy,TPR@1%FPR,0.0250330639235855,-1.9999335775516983e-24,0.01,0.1513152094048493,20594,20594
bank_marketing,random_forest,modified_entropy,membership_advantage@1%FPR,0.0150330639235855,-1.9999335775516983e-24,0.01,0.1513152094048493,20594,20594
bank_marketing,random_forest,modified_entropy,TPR@0.1%FPR,0.0025033063923585,-1.9999335775516983e-24,0.001,0.0151315209404849,20594,20594
bank_marketing,random_forest,modified_entropy,membership_advantage@0.1%FPR,0.0015033063923585,-1.9999335775516983e-24,0.001,0.0151315209404849,20594,20594
bank_marketing,hist_gradient_boosting,neg_loss,AUC,0.5121685435146792,,,,20594,20594
bank_marketing,hist_gradient_boosting,neg_loss,TPR@1%FPR,0.0120909002622122,-0.0172368437051773,0.01,0.9399999999999932,20594,20594
bank_marketing,hist_gradient_boosting,neg_loss,membership_advantage@1%FPR,0.0020909002622122,-0.0172368437051773,0.01,0.9399999999999932,20594,20594
bank_marketing,hist_gradient_boosting,neg_loss,TPR@0.1%FPR,0.0013596193065941,-0.0026153542567044,0.001,0.594000000000001,20594,20594
bank_marketing,hist_gradient_boosting,neg_loss,membership_advantage@0.1%FPR,0.0003596193065941,-0.0026153542567044,0.001,0.594000000000001,20594,20594
bank_marketing,hist_gradient_boosting,confidence,AUC,0.5047361971378768,,,,20594,20594
bank_marketing,hist_gradient_boosting,confidence,TPR@1%FPR,0.0120909002622122,0.9829528331756592,0.01,0.9399999999999932,20594,20594
bank_marketing,hist_gradient_boosting,confidence,membership_advantage@1%FPR,0.0020909002622122,0.9829528331756592,0.01,0.9399999999999932,20594,20594
bank_marketing,hist_gradient_boosting,confidence,TPR@0.1%FPR,0.0013596193065941,0.9973880648612976,0.001,0.594000000000001,20594,20594
bank_marketing,hist_gradient_boosting,confidence,membership_advantage@0.1%FPR,0.0003596193065941,0.9973880648612976,0.001,0.594000000000001,20594,20594
bank_marketing,hist_gradient_boosting,neg_entropy,AUC,0.5047361947800136,,,,20594,20594
bank_marketing,hist_gradient_boosting,neg_entropy,TPR@1%FPR,0.0120909002622122,-0.086313284933567,0.01,0.9399999999999932,20594,20594
bank_marketing,hist_gradient_boosting,neg_entropy,membership_advantage@1%FPR,0.0020909002622122,-0.086313284933567,0.01,0.9399999999999932,20594,20594
bank_marketing,hist_gradient_boosting,neg_entropy,TPR@0.1%FPR,0.0013596193065941,-0.0181434452533721,0.001,0.594000000000001,20594,20594
bank_marketing,hist_gradient_boosting,neg_entropy,membership_advantage@0.1%FPR,0.0003596193065941,-0.0181434452533721,0.001,0.594000000000001,20594,20594
bank_marketing,hist_gradient_boosting,modified_entropy,AUC,0.5121685482304053,,,,20594,20594
bank_marketing,hist_gradient_boosting,modified_entropy,TPR@1%FPR,0.0120909002622122,-0.0005891256150789,0.01,0.9399999999999932,20594,20594
bank_marketing,hist_gradient_boosting,modified_entropy,membership_advantage@1%FPR,0.0020909002622122,-0.0005891256150789,0.01,0.9399999999999932,20594,20594
bank_marketing,hist_gradient_boosting,modified_entropy,TPR@0.1%FPR,0.0013596193065941,-1.366228207189124e-05,0.001,0.594000000000001,20594,20594
bank_marketing,hist_gradient_boosting,modified_entropy,membership_advantage@0.1%FPR,0.0003596193065941,-1.366228207189124e-05,0.001,0.594000000000001,20594,20594
bank_marketing,extra_trees,neg_loss,AUC,0.8806837586495497,,,,20594,20594
bank_marketing,extra_trees,neg_loss,TPR@1%FPR,0.0437010904425914,0.0,0.01,0.0440324994654693,20594,20594
bank_marketing,extra_trees,neg_loss,membership_advantage@1%FPR,0.0337010904425914,0.0,0.01,0.0440324994654693,20594,20594
bank_marketing,extra_trees,neg_loss,TPR@0.1%FPR,0.0043701090442591,0.0,0.001,0.0044032499465469,20594,20594
bank_marketing,extra_trees,neg_loss,membership_advantage@0.1%FPR,0.0033701090442591,0.0,0.001,0.0044032499465469,20594,20594
bank_marketing,extra_trees,confidence,AUC,0.8730671959666884,,,,20594,20594
bank_marketing,extra_trees,confidence,TPR@1%FPR,0.0412076612903225,1.0,0.01,0.0415201612903225,20594,20594
bank_marketing,extra_trees,confidence,membership_advantage@1%FPR,0.0312076612903225,1.0,0.01,0.0415201612903225,20594,20594
bank_marketing,extra_trees,confidence,TPR@0.1%FPR,0.0041207661290322,1.0,0.001,0.0041520161290322,20594,20594
bank_marketing,extra_trees,confidence,membership_advantage@0.1%FPR,0.0031207661290322,1.0,0.001,0.0041520161290322,20594,20594
bank_marketing,extra_trees,neg_entropy,AUC,0.8730671959666884,,,,20594,20594
bank_marketing,extra_trees,neg_entropy,TPR@1%FPR,0.0412076612903225,-2.7631020735330303e-11,0.01,0.0415201612903225,20594,20594
bank_marketing,extra_trees,neg_entropy,membership_advantage@1%FPR,0.0312076612903225,-2.7631020735330303e-11,0.01,0.0415201612903225,20594,20594
bank_marketing,extra_trees,neg_entropy,TPR@0.1%FPR,0.0041207661290322,-2.7631020735330303e-11,0.001,0.0041520161290322,20594,20594
bank_marketing,extra_trees,neg_entropy,membership_advantage@0.1%FPR,0.0031207661290322,-2.7631020735330303e-11,0.001,0.0041520161290322,20594,20594
bank_marketing,extra_trees,modified_entropy,AUC,0.8806837586495497,,,,20594,20594
bank_marketing,extra_trees,modified_entropy,TPR@1%FPR,0.0437010904425914,-1.9999335775516983e-24,0.01,0.0440324994654693,20594,20594
bank_marketing,extra_trees,modified_entropy,membership_advantage@1%FPR,0.0337010904425914,-1.9999335775516983e-24,0.01,0.0440324994654693,20594,20594
bank_marketing,extra_trees,modified_entropy,TPR@0.1%FPR,0.0043701090442591,-1.9999335775516983e-24,0.001,0.0044032499465469,20594,20594
bank_marketing,extra_trees,modified_entropy,membership_advantage@0.1%FPR,0.0033701090442591,-1.9999335775516983e-24,0.001,0.0044032499465469,20594,20594
bank_marketing,small_mlp,neg_loss,AUC,0.5070553747635217,,,,20594,20594
bank_marketing,small_mlp,neg_loss,TPR@1%FPR,0.0115567641060503,-0.0097781084477901,0.01,0.9399999999999932,20594,20594
bank_marketing,small_mlp,neg_loss,membership_advantage@1%FPR,0.0015567641060503,-0.0097781084477901,0.01,0.9399999999999932,20594,20594
bank_marketing,small_mlp,neg_loss,TPR@0.1%FPR,0.0010682723123239,-0.0021793134510517,0.001,0.594000000000001,20594,20594
bank_marketing,small_mlp,neg_loss,membership_advantage@0.1%FPR,6.827231232397774e-05,-0.0021793134510517,0.001,0.594000000000001,20594,20594
bank_marketing,small_mlp,confidence,AUC,0.5027475565488426,,,,20594,20594
bank_marketing,small_mlp,confidence,TPR@1%FPR,0.0114596484412935,0.9903457164764404,0.01,0.9399999999999932,20594,20594
bank_marketing,small_mlp,confidence,membership_advantage@1%FPR,0.0014596484412935,0.9903457164764404,0.01,0.9399999999999932,20594,20594
bank_marketing,small_mlp,confidence,TPR@0.1%FPR,0.0010682723123239,0.9978230595588684,0.001,0.594000000000001,20594,20594
bank_marketing,small_mlp,confidence,membership_advantage@0.1%FPR,6.827231232397774e-05,0.9978230595588684,0.001,0.594000000000001,20594,20594
bank_marketing,small_mlp,neg_entropy,AUC,0.5027475600856371,,,,20594,20594
bank_marketing,small_mlp,neg_entropy,TPR@1%FPR,0.0114596484412935,-0.0544068366289138,0.01,0.9399999999999932,20594,20594
bank_marketing,small_mlp,neg_entropy,membership_advantage@1%FPR,0.0014596484412935,-0.0544068366289138,0.01,0.9399999999999932,20594,20594
bank_marketing,small_mlp,neg_entropy,TPR@0.1%FPR,0.0010682723123239,-0.0155189177021384,0.001,0.594000000000001,20594,20594
bank_marketing,small_mlp,neg_entropy,membership_advantage@0.1%FPR,6.827231232397774e-05,-0.0155189177021384,0.001,0.594000000000001,20594,20594
bank_marketing,small_mlp,modified_entropy,AUC,0.507055381837111,,,,20594,20594
bank_marketing,small_mlp,modified_entropy,TPR@1%FPR,0.0115567641060503,-0.0001902910153148,0.01,0.9399999999999932,20594,20594
bank_marketing,small_mlp,modified_entropy,membership_advantage@1%FPR,0.0015567641060503,-0.0001902910153148,0.01,0.9399999999999932,20594,20594
bank_marketing,small_mlp,modified_entropy,TPR@0.1%FPR,0.0010682723123239,-9.488524483458605e-06,0.001,0.594000000000001,20594,20594
bank_marketing,small_mlp,modified_entropy,membership_advantage@0.1%FPR,6.827231232397774e-05,-9.488524483458605e-06,0.001,0.594000000000001,20594,20594
diabetes_readmission,logistic_regression,neg_loss,AUC,0.503825830484123,,,,50883,50883
diabetes_readmission,logistic_regression,neg_loss,TPR@1%FPR,0.0105929288760489,-0.0001165135763585,0.01,0.8300000000000315,50883,50883
diabetes_readmission,logistic_regression,neg_loss,membership_advantage@1%FPR,0.0005929288760489,-0.0001165135763585,0.01,0.8300000000000315,50883,50883
diabetes_readmission,logistic_regression,neg_loss,TPR@0.1%FPR,0.0010022993927244,-5.256972508504987e-05,0.001,0.8830000000000012,50883,50883
diabetes_readmission,logistic_regression,neg_loss,membership_advantage@0.1%FPR,2.2993927244856216e-06,-5.256972508504987e-05,0.001,0.8830000000000012,50883,50883
diabetes_readmission,logistic_regression,confidence,AUC,0.4988437599998491,,,,50883,50883
diabetes_readmission,logistic_regression,confidence,TPR@1%FPR,0.0105143171589725,0.9998839497566224,0.01,0.8300000000000315,50883,50883
diabetes_readmission,logistic_regression,confidence,membership_advantage@1%FPR,0.0005143171589725,0.9998839497566224,0.01,0.8300000000000315,50883,50883
diabetes_readmission,logistic_regression,confidence,TPR@0.1%FPR,0.0010022993927244,0.9999474883079528,0.001,0.9414999999999994,50883,50883
diabetes_readmission,logistic_regression,confidence,membership_advantage@0.1%FPR,2.2993927244856216e-06,0.9999474883079528,0.001,0.9414999999999994,50883,50883
diabetes_readmission,logistic_regression,neg_entropy,AUC,0.498843755944354,,,,50883,50883
diabetes_readmission,logistic_regression,neg_entropy,TPR@1%FPR,0.0105143171589725,-0.0011678856099024,0.01,0.8300000000000315,50883,50883
diabetes_readmission,logistic_regression,neg_entropy,membership_advantage@1%FPR,0.0005143171589725,-0.0011678856099024,0.01,0.8300000000000315,50883,50883
diabetes_readmission,logistic_regression,neg_entropy,TPR@0.1%FPR,0.0010022993927244,-0.0005701715126633,0.001,0.8830000000000012,50883,50883
diabetes_readmission,logistic_regression,neg_entropy,membership_advantage@0.1%FPR,2.2993927244856216e-06,-0.0005701715126633,0.001,0.8830000000000012,50883,50883
diabetes_readmission,logistic_regression,modified_entropy,AUC,0.5038258299047667,,,,50883,50883
diabetes_readmission,logistic_regression,modified_entropy,TPR@1%FPR,0.0105929288760489,-2.7149246406565908e-08,0.01,0.8300000000000315,50883,50883
diabetes_readmission,logistic_regression,modified_entropy,membership_advantage@1%FPR,0.0005929288760489,-2.7149246406565908e-08,0.01,0.8300000000000315,50883,50883
diabetes_readmission,logistic_regression,modified_entropy,TPR@0.1%FPR,0.0010022993927244,-5.527006852190652e-09,0.001,0.8830000000000012,50883,50883
diabetes_readmission,logistic_regression,modified_entropy,membership_advantage@0.1%FPR,2.2993927244856216e-06,-5.527006852190652e-09,0.001,0.8830000000000012,50883,50883
diabetes_readmission,random_forest,neg_loss,AUC,0.7989681991205796,,,,50883,50883
diabetes_readmission,random_forest,neg_loss,TPR@1%FPR,0.1158444768472476,-0.0151136377826333,0.01,0.0701101321585903,50883,50883
diabetes_readmission,random_forest,neg_loss,membership_advantage@1%FPR,0.1058444768472476,-0.0151136377826333,0.01,0.0701101321585903,50883,50883
diabetes_readmission,random_forest,neg_loss,TPR@0.1%FPR,0.0125781249999999,0.0,0.001,0.795046875,50883,50883
diabetes_readmission,random_forest,neg_loss,membership_advantage@0.1%FPR,0.0115781249999999,0.0,0.001,0.795046875,50883,50883
diabetes_readmission,random_forest,confidence,AUC,0.7809355755214067,,,,50883,50883
diabetes_readmission,random_forest,confidence,TPR@1%FPR,0.1136694380635013,0.9850000143051147,0.01,0.0399787685774947,50883,50883
diabetes_readmission,random_forest,confidence,membership_advantage@1%FPR,0.1036694380635013,0.9850000143051147,0.01,0.0399787685774947,50883,50883
diabetes_readmission,random_forest,confidence,TPR@0.1%FPR,0.0123846153846153,1.0,0.001,0.7828153846153846,50883,50883
diabetes_readmission,random_forest,confidence,membership_advantage@0.1%FPR,0.0113846153846153,1.0,0.001,0.7828153846153846,50883,50883
diabetes_readmission,random_forest,neg_entropy,AUC,0.7809355755214067,,,,50883,50883
diabetes_readmission,random_forest,neg_entropy,TPR@1%FPR,0.1136694380635013,-0.0778825059533119,0.01,0.0399787685774947,50883,50883
diabetes_readmission,random_forest,neg_entropy,membership_advantage@1%FPR,0.1036694380635013,-0.0778825059533119,0.01,0.0399787685774947,50883,50883
diabetes_readmission,random_forest,neg_entropy,TPR@0.1%FPR,0.0123846153846153,-2.7631020735330303e-11,0.001,0.7828153846153846,50883,50883
diabetes_readmission,random_forest,neg_entropy,membership_advantage@0.1%FPR,0.0113846153846153,-2.7631020735330303e-11,0.001,0.7828153846153846,50883,50883
diabetes_readmission,random_forest,modified_entropy,AUC,0.7989681991205796,,,,50883,50883
diabetes_readmission,random_forest,modified_entropy,TPR@1%FPR,0.1158444768472476,-0.0004534091276582,0.01,0.0701101321585903,50883,50883
diabetes_readmission,random_forest,modified_entropy,membership_advantage@1%FPR,0.1058444768472476,-0.0004534091276582,0.01,0.0701101321585903,50883,50883
diabetes_readmission,random_forest,modified_entropy,TPR@0.1%FPR,0.0125781249999999,-1.9999335775516983e-24,0.001,0.795046875,50883,50883
diabetes_readmission,random_forest,modified_entropy,membership_advantage@0.1%FPR,0.0115781249999999,-1.9999335775516983e-24,0.001,0.795046875,50883,50883
diabetes_readmission,hist_gradient_boosting,neg_loss,AUC,0.5068766792214405,,,,50883,50883
diabetes_readmission,hist_gradient_boosting,neg_loss,TPR@1%FPR,0.0096659002024251,-0.0043346337042748,0.01,0.8300000000000315,50883,50883
diabetes_readmission,hist_gradient_boosting,neg_loss,membership_advantage@1%FPR,-0.0003340997975748,-0.0043346337042748,0.01,0.8300000000000315,50883,50883
diabetes_readmission,hist_gradient_boosting,neg_loss,TPR@0.1%FPR,0.0012075054536878,-0.0032022423110902,0.001,0.4415000000000006,50883,50883
diabetes_readmission,hist_gradient_boosting,neg_loss,membership_advantage@0.1%FPR,0.0002075054536878,-0.0032022423110902,0.001,0.4415000000000006,50883,50883
diabetes_readmission,hist_gradient_boosting,confidence,AUC,0.5000452734230229,,,,50883,50883
diabetes_readmission,hist_gradient_boosting,confidence,TPR@1%FPR,0.0096659002024251,0.995674729347229,0.01,0.8300000000000315,50883,50883
diabetes_readmission,hist_gradient_boosting,confidence,membership_advantage@1%FPR,-0.0003340997975748,0.995674729347229,0.01,0.8300000000000315,50883,50883
diabetes_readmission,hist_gradient_boosting,confidence,TPR@0.1%FPR,0.0012075054536878,0.9968028664588928,0.001,0.4415000000000006,50883,50883
diabetes_readmission,hist_gradient_boosting,confidence,membership_advantage@0.1%FPR,0.0002075054536878,0.9968028664588928,0.001,0.4415000000000006,50883,50883
diabetes_readmission,hist_gradient_boosting,neg_entropy,AUC,0.5000452734230229,,,,50883,50883
diabetes_readmission,hist_gradient_boosting,neg_entropy,TPR@1%FPR,0.0096659002024251,-0.027859466150403,0.01,0.8300000000000315,50883,50883
diabetes_readmission,hist_gradient_boosting,neg_entropy,membership_advantage@1%FPR,-0.0003340997975748,-0.027859466150403,0.01,0.8300000000000315,50883,50883
diabetes_readmission,hist_gradient_boosting,neg_entropy,TPR@0.1%FPR,0.0012075054536878,-0.021561075001955,0.001,0.4415000000000006,50883,50883
diabetes_readmission,hist_gradient_boosting,neg_entropy,membership_advantage@0.1%FPR,0.0002075054536878,-0.021561075001955,0.001,0.4415000000000006,50883,50883
diabetes_readmission,hist_gradient_boosting,modified_entropy,AUC,0.5068766788352028,,,,50883,50883
diabetes_readmission,hist_gradient_boosting,modified_entropy,TPR@1%FPR,0.0096659002024251,-3.749676761799492e-05,0.01,0.8300000000000315,50883,50883
diabetes_readmission,hist_gradient_boosting,modified_entropy,membership_advantage@1%FPR,-0.0003340997975748,-3.749676761799492e-05,0.01,0.8300000000000315,50883,50883
diabetes_readmission,hist_gradient_boosting,modified_entropy,TPR@0.1%FPR,0.0012075054536878,-2.047590896836482e-05,0.001,0.4415000000000006,50883,50883
diabetes_readmission,hist_gradient_boosting,modified_entropy,membership_advantage@0.1%FPR,0.0002075054536878,-2.047590896836482e-05,0.001,0.4415000000000006,50883,50883
diabetes_readmission,extra_trees,neg_loss,AUC,0.9982017569718766,,,,50883,50883
diabetes_readmission,extra_trees,neg_loss,TPR@1%FPR,1.0,-0.0050125420093536,0.01,0.984380664652568,50883,50883
diabetes_readmission,extra_trees,neg_loss,membership_advantage@1%FPR,0.99,-0.0050125420093536,0.01,0.984380664652568,50883,50883
diabetes_readmission,extra_trees,neg_loss,TPR@0.1%FPR,0.2780491803278688,0.0,0.001,0.2780491803278688,50883,50883
diabetes_readmission,extra_trees,neg_loss,membership_advantage@0.1%FPR,0.2770491803278688,0.0,0.001,0.2780491803278688,50883,50883
diabetes_readmission,extra_trees,confidence,AUC,0.9981821040426077,,,,50883,50883
diabetes_readmission,extra_trees,confidence,TPR@1%FPR,1.0,0.9950000047683716,0.01,0.9496480938416424,50883,50883
diabetes_readmission,extra_trees,confidence,membership_advantage@1%FPR,0.99,0.9950000047683716,0.01,0.9496480938416424,50883,50883
diabetes_readmission,extra_trees,confidence,TPR@0.1%FPR,0.2750432432432432,1.0,0.001,0.2750432432432432,50883,50883
diabetes_readmission,extra_trees,confidence,membership_advantage@0.1%FPR,0.2740432432432432,1.0,0.001,0.2750432432432432,50883,50883
diabetes_readmission,extra_trees,neg_entropy,AUC,0.9981821040426077,,,,50883,50883
diabetes_readmission,extra_trees,neg_entropy,TPR@1%FPR,1.0,-0.0314790643751621,0.01,0.9496480938416424,50883,50883
diabetes_readmission,extra_trees,neg_entropy,membership_advantage@1%FPR,0.99,-0.0314790643751621,0.01,0.9496480938416424,50883,50883
diabetes_readmission,extra_trees,neg_entropy,TPR@0.1%FPR,0.2750432432432432,-2.7631020735330303e-11,0.001,0.2750432432432432,50883,50883
diabetes_readmission,extra_trees,neg_entropy,membership_advantage@0.1%FPR,0.2740432432432432,-2.7631020735330303e-11,0.001,0.2750432432432432,50883,50883
diabetes_readmission,extra_trees,modified_entropy,AUC,0.9982017569718766,,,,50883,50883
diabetes_readmission,extra_trees,modified_entropy,TPR@1%FPR,1.0,-5.0125418056268245e-05,0.01,0.984380664652568,50883,50883
diabetes_readmission,extra_trees,modified_entropy,membership_advantage@1%FPR,0.99,-5.0125418056268245e-05,0.01,0.984380664652568,50883,50883
diabetes_readmission,extra_trees,modified_entropy,TPR@0.1%FPR,0.2780491803278688,-1.9999335775516983e-24,0.001,0.2780491803278688,50883,50883
diabetes_readmission,extra_trees,modified_entropy,membership_advantage@0.1%FPR,0.2770491803278688,-1.9999335775516983e-24,0.001,0.2780491803278688,50883,50883
diabetes_readmission,small_mlp,neg_loss,AUC,0.5103011613019532,,,,50883,50883
diabetes_readmission,small_mlp,neg_loss,TPR@1%FPR,0.0113004343297368,-0.0046919812448322,0.01,0.8300000000000315,50883,50883
diabetes_readmission,small_mlp,neg_loss,membership_advantage@1%FPR,0.0013004343297368,-0.0046919812448322,0.01,0.8300000000000315,50883,50883
diabetes_readmission,small_mlp,neg_loss,TPR@0.1%FPR,0.0016704989878741,-0.0010045446688309,0.001,0.8830000000000012,50883,50883
diabetes_readmission,small_mlp,neg_loss,membership_advantage@0.1%FPR,0.0006704989878741,-0.0010045446688309,0.001,0.8830000000000012,50883,50883
diabetes_readmission,small_mlp,confidence,AUC,0.4998369955541372,,,,50883,50883
diabetes_readmission,small_mlp,confidence,TPR@1%FPR,0.0108877228150855,0.9955208897590636,0.01,0.8300000000000315,50883,50883
diabetes_readmission,small_mlp,confidence,membership_advantage@1%FPR,0.0008877228150855,0.9955208897590636,0.01,0.8300000000000315,50883,50883
diabetes_readmission,small_mlp,confidence,TPR@0.1%FPR,0.0012774404024919,0.9992685317993164,0.001,0.8830000000000012,50883,50883
diabetes_readmission,small_mlp,confidence,membership_advantage@0.1%FPR,0.0002774404024919,0.9992685317993164,0.001,0.8830000000000012,50883,50883
diabetes_readmission,small_mlp,neg_entropy,AUC,0.4998369953610184,,,,50883,50883
diabetes_readmission,small_mlp,neg_entropy,TPR@1%FPR,0.0108877228150855,-0.028693662956357,0.01,0.8300000000000315,50883,50883
diabetes_readmission,small_mlp,neg_entropy,membership_advantage@1%FPR,0.0008877228150855,-0.028693662956357,0.01,0.8300000000000315,50883,50883
diabetes_readmission,small_mlp,neg_entropy,TPR@0.1%FPR,0.0012774404024919,-0.0060128541663289,0.001,0.8830000000000012,50883,50883
diabetes_readmission,small_mlp,neg_entropy,membership_advantage@0.1%FPR,0.0002774404024919,-0.0060128541663289,0.001,0.8830000000000012,50883,50883
diabetes_readmission,small_mlp,modified_entropy,AUC,0.5103011613019532,,,,50883,50883
diabetes_readmission,small_mlp,modified_entropy,TPR@1%FPR,0.0113004343297368,-4.392627306515351e-05,0.01,0.8300000000000315,50883,50883
diabetes_readmission,small_mlp,modified_entropy,membership_advantage@1%FPR,0.0013004343297368,-4.392627306515351e-05,0.01,0.8300000000000315,50883,50883
diabetes_readmission,small_mlp,modified_entropy,TPR@0.1%FPR,0.0016704989878741,-2.017227643591468e-06,0.001,0.8830000000000012,50883,50883
diabetes_readmission,small_mlp,modified_entropy,membership_advantage@0.1%FPR,0.0006704989878741,-2.017227643591468e-06,0.001,0.8830000000000012,50883,50883
